[
{
    "model": "PhoneBookAdress.person",
    "pk": 4,
    "fields": {
        "first_name": "Adam",
        "last_name": "Chavez"
    }
},
{
    "model": "PhoneBookAdress.person",
    "pk": 5,
    "fields": {
        "first_name": "Christian",
        "last_name": "Bennett"
    }
},
{
    "model": "PhoneBookAdress.person",
    "pk": 8,
    "fields": {
        "first_name": "Aaron",
        "last_name": "Johnson"
    }
},
{
    "model": "PhoneBookAdress.person",
    "pk": 9,
    "fields": {
        "first_name": "Joseph",
        "last_name": "Henry"
    }
},
{
    "model": "PhoneBookAdress.person",
    "pk": 11,
    "fields": {
        "first_name": "Erika",
        "last_name": "Kim"
    }
},
{
    "model": "PhoneBookAdress.person",
    "pk": 14,
    "fields": {
        "first_name": "Matthew",
        "last_name": "Black"
    }
},
{
    "model": "PhoneBookAdress.person",
    "pk": 15,
    "fields": {
        "first_name": "Susan",
        "last_name": "Welch"
    }
},
{
    "model": "PhoneBookAdress.person",
    "pk": 16,
    "fields": {
        "first_name": "Michele",
        "last_name": "Williams"
    }
},
{
    "model": "PhoneBookAdress.person",
    "pk": 18,
    "fields": {
        "first_name": "Sean",
        "last_name": "Singleton"
    }
},
{
    "model": "PhoneBookAdress.person",
    "pk": 19,
    "fields": {
        "first_name": "Eduardo",
        "last_name": "Lamb"
    }
},
{
    "model": "PhoneBookAdress.person",
    "pk": 20,
    "fields": {
        "first_name": "Katie",
        "last_name": "Blanchard"
    }
},
{
    "model": "PhoneBookAdress.person",
    "pk": 24,
    "fields": {
        "first_name": "Marissa",
        "last_name": "Walker"
    }
},
{
    "model": "PhoneBookAdress.person",
    "pk": 30,
    "fields": {
        "first_name": "Ivan",
        "last_name": "Lindsey"
    }
},
{
    "model": "PhoneBookAdress.person",
    "pk": 33,
    "fields": {
        "first_name": "Toni",
        "last_name": "Singh"
    }
},
{
    "model": "PhoneBookAdress.person",
    "pk": 36,
    "fields": {
        "first_name": "Jon",
        "last_name": "Holmes"
    }
},
{
    "model": "PhoneBookAdress.person",
    "pk": 39,
    "fields": {
        "first_name": "Brianna",
        "last_name": "Dixon"
    }
},
{
    "model": "PhoneBookAdress.person",
    "pk": 40,
    "fields": {
        "first_name": "John",
        "last_name": "Mckenzie"
    }
},
{
    "model": "PhoneBookAdress.person",
    "pk": 42,
    "fields": {
        "first_name": "George",
        "last_name": "Espinoza"
    }
},
{
    "model": "PhoneBookAdress.person",
    "pk": 43,
    "fields": {
        "first_name": "Richard",
        "last_name": "Merritt"
    }
},
{
    "model": "PhoneBookAdress.person",
    "pk": 45,
    "fields": {
        "first_name": "Robert",
        "last_name": "Williams"
    }
},
{
    "model": "PhoneBookAdress.person",
    "pk": 48,
    "fields": {
        "first_name": "Charles",
        "last_name": "Bradley"
    }
},
{
    "model": "PhoneBookAdress.phone",
    "pk": 6,
    "fields": {
        "person": 15,
        "phone": "963-725-270"
    }
},
{
    "model": "PhoneBookAdress.phone",
    "pk": 7,
    "fields": {
        "person": 45,
        "phone": "656-724-846"
    }
},
{
    "model": "PhoneBookAdress.phone",
    "pk": 8,
    "fields": {
        "person": 48,
        "phone": "982-314-277"
    }
},
{
    "model": "PhoneBookAdress.phone",
    "pk": 9,
    "fields": {
        "person": 42,
        "phone": "961-693-730"
    }
},
{
    "model": "PhoneBookAdress.phone",
    "pk": 10,
    "fields": {
        "person": 5,
        "phone": "213-976-574"
    }
},
{
    "model": "PhoneBookAdress.phone",
    "pk": 11,
    "fields": {
        "person": 36,
        "phone": "863-419-989"
    }
},
{
    "model": "PhoneBookAdress.phone",
    "pk": 12,
    "fields": {
        "person": 11,
        "phone": "000-946-173"
    }
},
{
    "model": "PhoneBookAdress.phone",
    "pk": 13,
    "fields": {
        "person": 30,
        "phone": "899-420-906"
    }
},
{
    "model": "PhoneBookAdress.phone",
    "pk": 14,
    "fields": {
        "person": 18,
        "phone": "509-638-420"
    }
},
{
    "model": "PhoneBookAdress.phone",
    "pk": 15,
    "fields": {
        "person": 4,
        "phone": "401-349-186"
    }
},
{
    "model": "PhoneBookAdress.phone",
    "pk": 16,
    "fields": {
        "person": 9,
        "phone": "120-178-253"
    }
},
{
    "model": "PhoneBookAdress.phone",
    "pk": 17,
    "fields": {
        "person": 40,
        "phone": "874-785-793"
    }
},
{
    "model": "PhoneBookAdress.phone",
    "pk": 18,
    "fields": {
        "person": 24,
        "phone": "127-300-819"
    }
},
{
    "model": "PhoneBookAdress.phone",
    "pk": 19,
    "fields": {
        "person": 19,
        "phone": "207-173-516"
    }
},
{
    "model": "PhoneBookAdress.phone",
    "pk": 20,
    "fields": {
        "person": 8,
        "phone": "728-131-050"
    }
},
{
    "model": "PhoneBookAdress.phone",
    "pk": 21,
    "fields": {
        "person": 20,
        "phone": "807-799-107"
    }
},
{
    "model": "PhoneBookAdress.phone",
    "pk": 22,
    "fields": {
        "person": 16,
        "phone": "903-307-263"
    }
},
{
    "model": "PhoneBookAdress.phone",
    "pk": 23,
    "fields": {
        "person": 39,
        "phone": "328-448-390"
    }
},
{
    "model": "PhoneBookAdress.phone",
    "pk": 24,
    "fields": {
        "person": 33,
        "phone": "168-244-288"
    }
},
{
    "model": "PhoneBookAdress.phone",
    "pk": 25,
    "fields": {
        "person": 43,
        "phone": "010-380-479"
    }
},
{
    "model": "PhoneBookAdress.phone",
    "pk": 26,
    "fields": {
        "person": 14,
        "phone": "101-158-783"
    }
},
{
    "model": "PhoneBookAdress.email",
    "pk": 12,
    "fields": {
        "person": 15,
        "email": "daniel15@yahoo.com"
    }
},
{
    "model": "PhoneBookAdress.email",
    "pk": 13,
    "fields": {
        "person": 45,
        "email": "coffeyjoseph@farmer.org"
    }
},
{
    "model": "PhoneBookAdress.email",
    "pk": 14,
    "fields": {
        "person": 48,
        "email": "nbrewer@moreno.com"
    }
},
{
    "model": "PhoneBookAdress.email",
    "pk": 15,
    "fields": {
        "person": 42,
        "email": "dannyhorton@yahoo.com"
    }
},
{
    "model": "PhoneBookAdress.email",
    "pk": 16,
    "fields": {
        "person": 5,
        "email": "jesus12@brown.net"
    }
},
{
    "model": "PhoneBookAdress.email",
    "pk": 17,
    "fields": {
        "person": 36,
        "email": "susanwilson@hotmail.com"
    }
},
{
    "model": "PhoneBookAdress.email",
    "pk": 18,
    "fields": {
        "person": 11,
        "email": "davisjuan@gmail.com"
    }
},
{
    "model": "PhoneBookAdress.email",
    "pk": 19,
    "fields": {
        "person": 30,
        "email": "cynthiakaufman@yahoo.com"
    }
},
{
    "model": "PhoneBookAdress.email",
    "pk": 20,
    "fields": {
        "person": 18,
        "email": "jacob37@harrison-garcia.biz"
    }
},
{
    "model": "PhoneBookAdress.email",
    "pk": 21,
    "fields": {
        "person": 4,
        "email": "russellcarter@garcia.com"
    }
},
{
    "model": "PhoneBookAdress.email",
    "pk": 22,
    "fields": {
        "person": 9,
        "email": "angelaadams@hall.com"
    }
},
{
    "model": "PhoneBookAdress.email",
    "pk": 23,
    "fields": {
        "person": 40,
        "email": "marygarcia@alvarez-maldonado.com"
    }
},
{
    "model": "PhoneBookAdress.email",
    "pk": 24,
    "fields": {
        "person": 24,
        "email": "kpowell@yahoo.com"
    }
},
{
    "model": "PhoneBookAdress.email",
    "pk": 25,
    "fields": {
        "person": 19,
        "email": "joetate@gmail.com"
    }
},
{
    "model": "PhoneBookAdress.email",
    "pk": 26,
    "fields": {
        "person": 8,
        "email": "melissa97@hotmail.com"
    }
},
{
    "model": "PhoneBookAdress.email",
    "pk": 27,
    "fields": {
        "person": 20,
        "email": "lawrencebrennan@stokes.com"
    }
},
{
    "model": "PhoneBookAdress.email",
    "pk": 28,
    "fields": {
        "person": 16,
        "email": "stacy08@johnson.com"
    }
},
{
    "model": "PhoneBookAdress.email",
    "pk": 29,
    "fields": {
        "person": 39,
        "email": "hking@holmes-anderson.info"
    }
},
{
    "model": "PhoneBookAdress.email",
    "pk": 30,
    "fields": {
        "person": 33,
        "email": "virginiareid@davis-thompson.com"
    }
},
{
    "model": "PhoneBookAdress.email",
    "pk": 31,
    "fields": {
        "person": 43,
        "email": "brandonmacdonald@hotmail.com"
    }
},
{
    "model": "PhoneBookAdress.email",
    "pk": 32,
    "fields": {
        "person": 14,
        "email": "cwells@gomez-pruitt.info"
    }
}
]
